EAN13,DESCRICAO,CODIGO
7890291372039,ABUTILON CUIA 21,169120
7896553693195,AECH FASCIATA P17,168084+AC0-6
7890291408752,AESCHYNANTHUS  C21,172470+AC0-3
7890291454407,AGAVE AZUL P24,169797+AC0-8
7890291131278,AGERANTUM P14,168124+AC0-9
7890291454537,AGLAONEMA VARIADA P12,204024+AC0-7
7896553695304,ALECRIM P11,194144+AC0-5
7890291438964,ALECRIM P15,169946+AC0-6
7890291484114,ALECRIM P19,229498+AC0-2
7890291382694,ALOCASIA BLACK P12,168108+AC0-7
7890291333825,ALOCASIA P06 LINHA KIDS,231958+AC0-6
7890291427654,ALOCASIA P12,168184+AC0-2
7896553628470,ALOE ARIST (BABOSA),177132+AC0-9
7890291476133,ALOE ARIST.COLOURS P11,206310+AC0-7
7890291428125,ALOE ARISTATA C21,169955+AC0-5
7890291547772,ALOE BABOSA P17,231964+AC0-0
3330000108794,ALPINIA PURPURATA 8l,219207+AC0-1
3000030425375,AMARYLIS DECORADA P15,304253+AC0-7
7896553640830,AMARYLIS P14,74360+AC0-7
7890291325424,AMARYLIS UNIQUE MIX,169771+AC0-4
7890291268547,AMOR PERFEITO C21,177874+AC0-9
7890291512886,AMOR PERFEITO MINI P06,212552+AC0-8
7890291360968,ANANAS P15,169774+AC0-9
7890291311960,ANGELONIA VARIADA P14,169791+AC0-9
7890291510585,ANIGOZANTHOS P15,212553+AC0-6
7890291470100,ANTHURIO COLOURS P15,231963+AC0-2
7890291557931,ANTHURIO VARIADO P06 LINHA KIDS,231961+AC0-6
7890291553094,ANTHURIO VARIADO P09 LINHA KIDS,231960+AC0-8
7890291562294,ANTHURIUM VARIADO ESPECIAL P17 BAIXO,233169+AC0-1
7890291466790,ANTURIO BASICZ COLOURS P12,199079+AC0-9
7890291431514,ANTURIO BLACK QUEEM  P17,170340+AC0-4
3000030425450,ANTURIO DECORADO P12,304254+AC0-5
3000000390047,ANTURIO DECORADO P15,3900+AC0-4
3000030458038,ANTURIO DECORADO P17,304580+AC0-3
3000030433554,ANTURIO DECORADO P19,304335+AC0-5
3000030766362,ANTURIO P12 LORANCE MAXXI,307663+AC0-6
7890291214063,ANTURIO PRINCS ELEGANCE P19,172481+AC0-9
7890291468367,ANTURIO VARIADO P06,226506+AC0-0
7890291207089,ANTURIO VARIADO P09,191977+AC0-6
7890291290425,ANTURIO VARIADO P12,168053+AC0-6
7896553613452,ANTURIO VARIADO P15,168119+AC0-2
7896553601978,ANTURIO VARIADO P17,135811+AC0-1
7890291430036,ANTURIO VARIADO P19,168635+AC0-6
7896553613384,ANTURIO VARIADO P30,168172+AC0-9
7890291180191,ANTURIO WHITE CHAMPION P15,170134+AC0-7
7896553638714,APHELANDRA P12/15,168826+AC0-0
3330000018727,ARBOREA VS 1.8,207038+AC0-3
7890291480826,ARMERIA MARITIMA P11,204598+AC0-2
7896553691962,ARRUDA P11,194145+AC0-3
7890291177986,ARRUDA P15,169949+AC0-0
7890291074520,ARVORE DA FELICIDADE P17,168097+AC0-8
7896553640229,ARVORE FELICIDADE P24,230111+AC0-3
7896553600407,ASPARGO ALFINETE C21,169956+AC0-3
7890291566520,ASPARGO REAL P08,231968+AC0-3
7890291077620,ASPARGO REAL P19,170135+AC0-5
7890291518864,ASPLENIUM  VARIADO P14,213975+AC0-8
7896553640946,ASPLENIUM NIDUS P24,230110+AC0-5
7890291377027,ASPLENIUM VARIADO P14/19,169781+AC0-1
7890291545440,AVEIA P11 GRAMA P/PET,224797+AC0-6
7896553635508,AVENCA VARIADA P14,168092+AC0-7
7896553643138,AZALEIA ARVORE P15,204599+AC0-0
7890840001168,AZALEIA BONSAI TORCIDA P17,226515+AC0-0
7896553642377,AZALEIA C21,229500+AC0-8
3000000388570,AZALEIA DECORADA P14,3885+AC0-7
7896553642391,AZALEIA P06,168631+AC0-3
7896553642414,AZALEIA P09,177154+AC0-0
7890840000154,AZALEIA P12 QUADRADO,135814+AC0-6
7896553640076,AZALEIA P14,135815+AC0-4
7896553619188,AZALEIA P18 FORMATO ARVORE,168063+AC0-3
7896553642469,AZALEIA P20,168094+AC0-3
7890291238892,BALSAMO VARIADO P24,169957+AC0-1
3330000018505,BAMBU MOSSO 1,168185+AC0-0
7890291321945,BARBA DE MOISES C13,168186+AC0-9
7896553613407,BEAUCARNEA P15,168133+AC0-8
7896553642520,BEAUCARNEA P17,168125+AC0-7
7896553644234,BEAUCARNEA P30,204029+AC0-8
7890291539333,BEAUCARNEA RECURVATA P06,226507+AC0-9
7890291335744,BEAUCARNEA RECURVATA P27,230116+AC0-4
3000030465401,BEGONIA BELEAF DECORADA P.11,304654+AC0-0
7890291282482,BEGONIA BELEAF P11,168090+AC0-0
7890291483513,BEGONIA BELEAF P15,204040+AC0-9
7890291510233,BEGONIA DARK MAMBO P11 PO,214438+AC0-7
3000000388655,BEGONIA DECORADA P.15,3886+AC0-5
3000030425535,BEGONIA DECORADA P11,304255+AC0-3
7890291074360,BEGONIA DRAGON C21,172485+AC0-1
7890291489720,BEGONIA MACULATA P13,204041+AC0-7
7896553640052,BEGONIA P11,74345+AC0-3
7896553626797,BEGONIA P15,168055+AC0-2
7890291510219,BEGONIA REX MACARENA P17,174237+AC0-0
7890291510141,BEGONIA REX P06,187801+AC0-8
7890291456050,BEGONIA REX VARIADA P17,172030+AC0-9
7890291511827,BEGONIA SPRINT PLUS MAXI MIX P06,212554+AC0-4
7896553666755,BOCA DE LEAO P11,212555+AC0-2
7890291563406,BONSAI 10 ANOS CERAMICA,168667+AC0-4
7890291563413,BONSAI 15/20 ANOS CERAMICA,230112+AC0-1
7890291563390,BONSAI 6 ANOS CERAMICA,169798+AC0-6
7890291563383,BONSAI 8 ANOS CERAMICA,169779+AC0-0
7890291356831,BONSAI ERICA JAPONICA,174266+AC0-3
7890291540476,BONSAI FICUS MICROCARPA GINSEN VB C30,172472+AC0-0
7890291551441,BONSAI FICUS MICROCARPA GINSENG P38,226542+AC0-7
7890291551397,BONSAI FICUS MICROCARPA GINSENG VB C21,226508+AC0-7
7890291234832,BONSAI FRUTA  VS POR  1.1 L CX,168054+AC0-4
7890291181846,BONSAI J. BABY,169802+AC0-8
7890291371438,BONSAI J. S CRIS VASO RETANG. 28X21cm,168089+AC0-7
7896553615661,BONSAI JOVEM,168668+AC0-2
7890291400060,BONSAI JUNIOR  VS PLA  1.1 L,168070+AC0-6
7890291371735,BONSAI JUNIOR PORCELANA,168134+AC0-6
7890291517485,BONSAI MAME JARD. 9cm PORCELANA,233155+AC0-1
7890291248433,BOTAO ROSA SOLITARIA VARIADA,174410+AC0-0
7890291319836,BOTAO ROSA VARIADA 60CM UN,168320+AC0-9
7896553671964,BRINCO DE PRINCESA C21,168176+AC0-1
7896553666694,BRINCO DE PRINCESA P11,222050+AC0-4
7890291131667,BROMELIA IMPERIAL P27,120945+AC0-0
7890840000314,BROMELIA TILANCIA PT 12,214779+AC0-3
7896553688405,BROMELIA VARIADA P14,120858+AC0-6
3000030430881,BUQUE AMSTERDA,304308+AC0-8
3000030779690,BUQUE CARINHO,307796+AC0-9
3000030779935,BUQUE CLASSIC,307799+AC0-3
3000030779850,BUQUE DELICADO,307798+AC0-5
3000030779775,BUQUE ESTACAO,307797+AC0-7
3000030779508,BUQUE FELICIDADE,307795+AC0-0
3000030779423,BUQUE GLAMOUR,307794+AC0-2
3000030779348,BUQUE IMPERIO,307793+AC0-4
3000030779263,BUQUE NOIVA,307792+AC0-6
3000030779188,BUQUE PAIXAO,307791+AC0-8
7890291518116,BUQUE PETIT ARTISTIC,213638+AC0-4
3000030779003,BUQUE ROMANCE,307790+AC0-0
3000030778969,BUQUE SINTONIA,307789+AC0-6
3000030778884,BUQUE TROPICAL,307788+AC0-8
7908494301111,BUXINHO MALUCO 33L,222203+AC0-5
7890291358576,BUXINHO P17,168678+AC0-0
7896553639803,BUXINHO P24,168181+AC0-8
7890291306164,BUXINHO P30,168180+AC0-0
7890291333603,CACTUS BOLA P17,226505+AC0-2
7890291520065,CACTUS CEREUS HILDEMANNIANUS P19,230114+AC0-8
7890291474405,CACTUS COROA DE FRADE C21,203145+AC0-0
7890291428163,CACTUS DIVERSOS VB C08,204030+AC0-1
7896553633221,CACTUS ENXERTADO P10,169121+AC0-0
7890291513005,CACTUS GYMNOCALYCIUM P06,219212+AC0-8
7890291542807,CACTUS GYMNOCALYCIUM P09,168104+AC0-4
7890291293587,CACTUS MAND. P20 SEM ESP,168164+AC0-8
7890291559539,CACTUS MANDACARU P09 S/ESPIN. LINHA KIDS,231969+AC0-1
7890291202084,CACTUS MANDACARU P17,168140+AC0-0
7896553633788,CACTUS MINI JARDINEIRA,168559+AC0-7
7896553642896,CACTUS MINI P06,120859+AC0-4
7890291312592,CACTUS RABO DE MACACO C18,172487+AC0-8
7890291462020,CACTUS RABO DE MACACO P13,209562+AC0-9
7908494301142,CACTUS RABO MACACO G,229633+AC0-0
7890291290517,CACTUS RAIZ PROPRIA P09,206315+AC0-8
7890291466189,CACTUS SIANINHA C21,222047+AC0-4
7896553626520,CACTUS VARIADO P07,168161+AC0-3
7896553693492,CACTUS VARIADO P11,168151+AC0-6
7890291504638,CACTUS VARIADO P30,169795+AC0-1
7890291505536,CACTUS VARIADO P40,204037+AC0-9
7890291484725,CACTUS VARIADO VB P12,204033+AC0-6
7896553671315,CACTUS VARIADO VB3,168183+AC0-4
7893541289309,CAIXA DE MADEIRA FLORICULTURA,168753+AC0-0
7890291489997,CALADIUM P11,169344+AC0-1
7890291331203,CALADIUM P15,203131+AC0-0
7890291138413,CALADIUM VARIADO C21,233153+AC0-5
7890291482127,CALATHEIA VARIADA P12,204034+AC0-4
7890291074315,CALATHEIA VARIADA P17,169958+AC0-0
7890291228398,CALLA COLORIDA P14,168073+AC0-0
3000000390122,CALLA DECORADA P.14,3901+AC0-2
3000030765983,CALLA P14 LORANCE HIDRA,307659+AC0-8
7890291138079,CALLISIA C21,169960+AC0-1
7890291245708,CAMPANULA P15,168093+AC0-5
7890291274814,CANNA INDICA P15,169357+AC0-3
7890291552899,CARNIVORA DIONAEA P09 LINHA KIDS,231959+AC0-4
7890291569521,CARNIVORA SARRACENIA P12,169122+AC0-8
7890291309189,CELOSIA CRISTATA C13/15 VARIADO,169950+AC0-4
3000030773063,CELOSIA DECORADA P.14,307730+AC0-6
7890291459747,CELOSIA DRAGONS BREAT P20,168102+AC0-8
7890291320054,CELOSIA VARIADO P14,168049+AC0-8
7890291326780,CEROPEDIA SANDESONI P15,169124+AC0-4
7890291488914,CEROPEDIA WOODDI C08/13,177153+AC0-1
7890291326469,CEROPEGIA WOODII VARIEGATA P.06,230555+AC0-0
3000030474748,CESTA FLORES FLORICULTURA UN,304747+AC0-4
3000000400296,CINERARIA DECORADA P.14,4002+AC0-9
7890291477703,CINERARIA MARI C/GLITER P14,197018+AC0-6
7890291543743,CINERARIA MARITIMA P11,172482+AC0-7
7896553666564,CINERARIA P14,168086+AC0-2
7896553643732,CLOROFITO C21,168679+AC0-8
7890291488310,CLOROFITO P06,209561+AC0-0
7890291207102,CLUSIA VERDE P24,168149+AC0-4
7896553687163,COLEUS C21,169350+AC0-6
7890291347341,COLUMEIA VARIADA C21,168166+AC0-4
7890291534574,COLUMNEA PEIXINHO P11,204036+AC0-0
7890291174480,COQUETEL 7 ERVAS C25,168059+AC0-5
7890291138239,COQUETEL 7 ERVAS P24,168129+AC0-0
7890291140232,COQUETEL BROMELIA P24,214778+AC0-5
7890291474771,COQUETEL CACTUS E SUCULENTAS VB P18,230117+AC0-2
7890291451796,COQUETEL SUCULENTAS C13 VBARRO,168592+AC0-9
7890291454933,COQUETEL SUCULENTAS CER.OVAL C21,194138+AC0-0
7896553622096,CRAVINEA P11,168666+AC0-6
7890291337113,CRAVO EM HASTE,168319+AC0-5
7890291368957,CRAVO VARIADO P15,129069+AC0-0
3000000400371,CRISANTEMO BOLA BELGA DECORADO P.20,4003+AC0-7
7890291487221,CRISANTEMO BOLA BELGA P06,206932+AC0-6
7890291177443,CRISANTEMO BOLA BELGA P11,120818+AC0-7
7896553633993,CRISANTEMO BOLA BELGA P20,168061+AC0-7
3000000401507,CRISANTEMO DECORADO P.11,4015+AC0-0
3000000399774,CRISANTEMO DECORADO P.13,3997+AC0-7
3000030773148,CRISANTEMO DECORADO P.15,307731+AC0-4
7890291318563,CRISANTEMO HASTE 70CM,186152+AC0-2
7890291473873,CRISANTEMO MINI P11,222046+AC0-6
7896553643831,CRISANTEMO VARIADO P13,301888+AC0-1
7890291427807,CRISANTEMO VARIADO P15,135820+AC0-0
3000000399699,CRISANTEMO VB DECORADO,3996+AC0-9
7890291202572,CRISANTEMO VB EMB. ESPECIAL GLITER,172483+AC0-5
7896553648669,CRISANTEMO VB1,120842+AC0-0
7896553631357,CROTON HIB PETRA P17,168123+AC0-0
7890291371490,CROTON HIB PETRA P24,168150+AC0-8
7865536477091,CROTON HIB.VARIADO P.24,168591+AC0-0
7890291452717,CURCUMA P12 PREMIUM,197017+AC0-8
7890291449922,CURCUMA P15,168099+AC0-4
7890291338790,CURCUMA RED TORCH P17,219205+AC0-5
3330000018376,CYCAS REVOLUTA P17,168160+AC0-5
3000030465326,CYCLAMEN DECORADA P.11,304653+AC0-2
3000000388815,CYCLAMEN DECORADA P.14,3888+AC0-1
7890291246712,CYCLAMEN P06,178222+AC0-3
7896553643435,CYCLAMEN P11,168106+AC0-0
7896553643459,CYCLAMEN P14,168042+AC0-0
7890291246644,CYMBIDIUM HASTE 10/14 FLS,184331+AC0-1
3000000400456,DAHLINOVA DECORADA P13/15,4004+AC0-5
7890291319461,DAHLINOVA P13/P15,168062+AC0-5
7896553688191,DEDO MOCA C21,172208+AC0-5
7890291250429,DEDO MOCA P 11,168827+AC0-8
7890291459938,DIANTHUS DOBRADO P11,168589+AC0-9
7890291455176,DIANTHUS PINK KISSES P06,168693+AC0-3
7890291531979,DIANTHUS PINK KISSES P11,168178+AC0-8
7896553626315,DIEFFENBACHIA VARIADA P15,169784+AC0-6
7896553619225,DINHEIRO EM PENCA C21,168529+AC0-5
7890291178846,DIPLADENIA P15,168111+AC0-7
7890291486606,DISCHIDIA IMBRICATA C21,210074+AC0-6
7890291509664,DISCHIDIA VARIADO C13,226513+AC0-3
7890291139373,DOLLAR C21,172484+AC0-3
7898969233125,DRACENA ARCA VARIADA TIMLOG SUL,233306+AC0-6
7898969233170,DRACENA CIRCULAR TIMLOG SUL,233305+AC0-8
7898969233309,DRACENA ESPIRAL TIMLOG SUL,233307+AC0-4
7898969233422,DRACENA LUA TIMLOG SUL,233310+AC0-4
7890291451215,DRACENA LUCKY BAMBO P06,169961+AC0-0
7890291559119,DRACENA LUCKY BAMBOO HIDROCULTURA P07,233311+AC0-2
7890291451222,DRACENA LUCKY BAMBOO P12,226569+AC0-9
7898969233163,DRACENA MICRO CIRCULAR TIMLOG SUL,233312+AC0-0
7898969233323,DRACENA MICRO ESPANADOR TIMLOG SUL,233308+AC0-2
7898969233149,DRACENA MINI CERCA TIMLOG SUL,233304+AC0-0
7898969233347,DRACENA PAVAO TIMLOG SUL,233309+AC0-0
3330000230280,DRACENA PLEOMELE P24,168171+AC0-0
7890291506526,DRACENA VARIADA P17,168076+AC0-5
7890291379847,DRACENA VARIADA P30,172476+AC0-2
7896553634792,ECHEVERIA C13,204019+AC0-0
7896553649772,ECHEVERIA C21,168170+AC0-2
7890291470780,ECHEVERIA COLOURS C21,204035+AC0-2
7890291461863,ECHEVERIA DIONY P08,169959+AC0-8
7890291075138,ECHEVERIA P06,172032+AC0-5
7890291212021,ECHEVERIA P09/11,168472+AC0-8
7896553675627,ERVAS AROMATICAS P08 TRIO,203130+AC0-2
7896553619485,ERVAS AROMATICAS P11,168048+AC0-0
7890291178952,ERVAS AROMATICAS P15,168121+AC0-4
7890291322768,ERVAS AROMATIZADAS JARDINEIRA,169790+AC0-0
7890291251549,ERVAS AROMATIZADAS P24,168081+AC0-1
7890291138123,ESPADA DE SAO JORGE P24,169777+AC0-3
7890291340663,ESPADA DE SAO JORGE VB09,168072+AC0-2
7896553685718,EUONYMUS P15,168191+AC0-5
7890291520447,EUPHORBIA MILII MILIIANA P11,214430+AC0-1
7890291510424,EUPHORBIA TITHYMALOIDES P06,219211+AC0-0
7890291517317,FICUS ELASTICA VARIADA 17,221893+AC0-3
7890291200615,FICUS LIRATA P24,171162+AC0-8
7890291482264,FICUS LYRATA P15/17,204031+AC0-0
3330000063048,FICUS LYRATA P27,168558+AC0-9
7890291539340,FICUS MICROCARPA GINSENG P15,222458+AC0-5
7890291132268,FICUS TRANCADO VARIADO P15,204039+AC0-5
7896553695144,FICUS VARIADO P24,168131+AC0-1
7896553650655,FITONIA FOLHA FINA C21,170966+AC0-6
7896553650631,FITONIA VARIADA C13,168105+AC0-2
7890291247580,FITONIA VARIADA P06,208759+AC0-6
3330000061112,FLOR CAMARAO P17,168167+AC0-2
7896553631708,FLOR DE MAIO C21,169237+AC0-2
7890291181778,FLOR DE MAIO P06,184698+AC0-1
7896553650532,FLOR DE MAIO P11,168050+AC0-1
7896553644975,FLOR DE OUTUBRO P14,168112+AC0-5
7890291100656,FLOR MAIO P15,173335+AC0-4
7890291461085,FRIZZLE SIZZLE P14,187798+AC0-4
7890291364966,FRUTIFERAS VARIADA C32,168471+AC0-0
7890291311670,FRUTIFERAS VARIADA P19,168179+AC0-6
7890291281119,GARDENIA P18,171163+AC0-6
7890291250481,GERANIO C26,168637+AC0-2
7896553653076,GERANIO P14,208760+AC0-0
3000000388907,GERBERA DECORADA P.14,3889+AC0-0
7890291254830,GERBERA P14,168034+AC0-0
7890291247696,GIPSOFILA P15,171358+AC0-2
3000030459004,GIRASSOL DECORADA P.11,304590+AC0-0
3000000389386,GIRASSOL DECORADA P.15,3893+AC0-8
7890291325738,GIRASSOL MINI P06,169780+AC0-3
7890291265317,GIRASSOL MINI P11,176898+AC0-0
7896553629774,GIRASSOL MINI P15,168041+AC0-2
7890291460392,GLADIOLO P16,177133+AC0-7
3000000389034,GLOXINIA DECORADA P.14,3890+AC0-3
7896553666571,GLOXINIA P14,168078+AC0-1
3330517700016,GUAIMBE 5L,173269+AC0-2
7890291255646,GUZMANIA P14,168116+AC0-8
7890291075985,HEDERA VARIADO C21,168147+AC0-8
3330000079735,HELICONIA BIHAI P24,207035+AC0-9
7908494301166,HIBISCO TRANCADO VARIADO 2 BOLAS,229631+AC0-4
7890291421447,HIBISCUS VARIADO P24,209559+AC0-9
7890291339728,HIBISQ P13/15,168143+AC0-5
7890291354509,HIBISQS P13 PETIT,169951+AC0-2
7890291354493,HIBSQS P13,172480+AC0-0
7890291286701,HIDROCULTURA VARIADO P05,168044+AC0-7
7890291294492,HIDROCULTURA VARIADO P13,187802+AC0-6
7890291487603,HORTELA P11,194146+AC0-1
7890291178693,HORTELA P15,178055+AC0-7
3000030425610,HORTENCIA DECORADA P15,304256+AC0-1
7896553653519,HORTENCIA P15,168128+AC0-1
7890291214070,HOYA KERRI P11,177952+AC0-4
7890291362450,HOYA VARIADA C18/21,169355+AC0-7
7890291427692,HYACINTHUS P09,168066+AC0-8
7890291254687,HYPOESTES  JARD  1.1 L,168120+AC0-6
7896553608564,HYPOESTES C18,168132+AC0-0
7890291294973,IMPATIENS DOB. C21,168173+AC0-7
7890291533850,IPOMOEA RUBRA P17,231966+AC0-7
7890291075107,IXORA AFRICANA P15,168153+AC0-2
7890291417105,IXORA VARIADA P15,170444+AC0-3
7896553642940,JARDINEIRA FLORIDA,172473+AC0-8
3330000060047,JASMIM LEITE P17,207034+AC0-0
7890291335843,JIBOIA HJOY C13,194134+AC0-8
7890291503167,JIBOIA VARIADO C13,222049+AC0-0
7890291245920,JIBOIA VARIADO C21,168156+AC0-7
7890291491952,JUNCUS SPIRALIS P15,208838+AC0-0
7890291343589,KAIZUKA V. 14L,173624+AC0-8
7890291426855,KALANCHOE  DOB. PAIXOES P11,168118+AC0-4
7890291329033,KALANCHOE C21,169787+AC0-0
3000030425702,KALANCHOE DOB DECORADA C21,304257+AC0-0
3000000400104,KALANCHOE DOB. DECORADO P.11,4001+AC0-0
3000000389119,KALANCHOE DOB. DECORADO P.15,3891+AC0-1
3000000400531,KALANCHOE DOB. P11 NATAL,4005+AC0-3
7890291463638,KALANCHOE DOB.COLOURS P11,199078+AC0-0
3000030467108,KALANCHOE DOB.DECORADO P06,304671+AC0-0
7890291177061,KALANCHOE DOBRADO P06,301895+AC0-4
7890291552769,KALANCHOE DOBRADO P06 LINHA KIDS,231965+AC0-9
7890291321327,KALANCHOE DOBRADO P09,168148+AC0-6
7890291134514,KALANCHOE DOBRADO P11,301897+AC0-0
7890291141055,KALANCHOE DOBRADO P15,168043+AC0-9
7890291202565,KALANCHOE JARDINEIRA,169788+AC0-9
7890291465526,KALANCHOE JARDINEIRA MINI,171264+AC0-0
7890291288439,KALANCHOE MINI P06,168045+AC0-5
7896553640038,KALANCHOE P11,120801+AC0-2
7896553654103,KALANCHOE P15,120812+AC0-8
7890291451239,KALANCHOE THYRSIFLORA C21,168082+AC0-0
7890291492225,KALANCHOE WENDY P11,179158+AC0-3
3000030689784,KIT EMBALAGEM BUQUE LUXO,306897+AC0-8
3000030462578,KIT EMBALAGEM BUQUE SIMPLES,304625+AC0-7
3000030573564,KIT EMBALAGEM FLORICULTURA P11,305735+AC0-6
3000030435848,KIT EMBALAGEM FLORICULTURA P15,304358+AC0-4
7890291333467,KIT KALANCHOE DOB. P06 C/6,169789+AC0-7
3000030434445,KIT KALANCHOE DOBRADO P06 DECORADA,304344+AC0-4
3000030612720,KIT KALANCHOE MADEIRA,306127+AC0-2
3000030434360,KIT PIMENTA P06 DECORADA,304343+AC0-6
7890291291811,KIT SUCULEN. P05 ACRILICO,169338+AC0-7
7896553654141,KIT SUCULENTAS,168832+AC0-4
7890291488501,KIT SUCULENTAS C18,168145+AC0-1
7890291454728,KIT SUCULENTAS MINI P06 C/3,230852+AC0-5
7890291285841,KIT SUCULENTAS P06,214437+AC0-9
3000030434100,KIT SUCULENTAS P06 DECORADA,304341+AC0-0
7890291234313,KIT SUCULENTAS VB,177131+AC0-0
3000030434285,KIT VIOLETA P06 DECORADA,304342+AC0-8
7896553635096,LAGRIMA DE CRISTO P14,187799+AC0-2
7896553644715,LAMIASTRUM VARIEGATO C26,206931+AC0-8
7890291234726,LAVANDULA P14,169234+AC0-8
7896553658361,LEUCOPHILIUM P19,169354+AC0-9
7890291468824,LICUALA MEDIA 8L,222053+AC0-9
7890291328517,LIRIO ALTER P16,168831+AC0-6
3000030772929,LIRIO DECORADO P.12,307729+AC0-2
3000000389201,LIRIO DECORADO P.15,3892+AC0-0
3000000397138,LIRIO DECORADO P.16,3971+AC0-3
7890291313698,LIRIO ENTERTAINER P16,171735+AC0-9
7890291203661,LIRIO ORIENTAL HASTE,169770+AC0-6
7890291315364,LIRIO P12,168142+AC0-7
7896553600513,LIRIO P15,135824+AC0-3
7890291179034,LIRIO P16,168669+AC0-0
3000030766447,LIRIO P16 LORANCE FRESH,307664+AC0-4
7896553658576,LIRIO VARIADO P13,168110+AC0-9
7890291471992,LISIANTHUS VARIADO P09,210239+AC0-0
7890291176644,LISIANTHUS VARIADO P13,168058+AC0-7
7890291221979,LOBELIA C25,169346+AC0-8
7890291544252,LOURO P17,229499+AC0-0
3330000242641,LUCKY BAMBOO BARCA/VIDRO,168103+AC0-6
3000030765716,LUCKY BAMBOO DECORADO NICO PRETO D17,307657+AC0-1
3330000247165,LUCKY BAMBOO OVAL G,168638+AC0-0
3330000223282,LUCKY BAMBOO OVAL P,207036+AC0-7
3330000242689,LUCKY BAMBOO VARIADO,168091+AC0-9
7890291173155,LUDISIA P08,169241+AC0-0
7890291369084,MACO ANASTASIA VARIADA,233158+AC0-6
7890291231831,MACO BOCA DE LEAO,184332+AC0-0
7890841500356,MACO BUQUE ALLEGRA,184330+AC0-3
3000030640778,MACO BUQUE AMORE,306407+AC0-7
7908392802543,MACO BUQUE DESIDRATADO ADORE,221366+AC0-4
7908392802017,MACO BUQUE DESIDRATADO FANTASIA,215827+AC0-2
7908392802048,MACO BUQUE DESIDRATADO LUXO GOLDEN,215825+AC0-6
7908392802567,MACO BUQUE DESIDRATADO PANDORA,210247+AC0-1
4046,MACO BUQUE ELEGANCE,4046+AC0-0
7890291457507,MACO BUQUE ENCANTO,186150+AC0-6
7890291541381,MACO BUQUE ESTACAO,168797+AC0-2
7890841500189,MACO BUQUE FLOR FUNNY,226521+AC0-4
7890841080063,MACO BUQUE FLORES 9 HASTE,207585+AC0-7
7890291540414,MACO BUQUE GRAND PETIT,226538+AC0-9
7890291237352,MACO BUQUE HARMONIA,169655+AC0-6
7890841500363,MACO BUQUE LA ROSE,207584+AC0-9
7890291465717,MACO BUQUE LISIANTHUS,168796+AC0-4
7890291226158,MACO BUQUE MINI LISIANTHUS,171509+AC0-7
4047,MACO BUQUE PAIXAO,4047+AC0-9
7890841180121,MACO BUQUE SUPREME,207586+AC0-5
7890840002165,MACO BUQUE TULIPA,169801+AC0-0
7890291541534,MACO DE ALECRIM,170137+AC0-1
7890291236072,MACO DE ALSTER,168789+AC0-1
7890291180993,MACO DE ALSTROMERIA,168810+AC0-3
7890291463423,MACO DE ANTURIO VARIADO,186151+AC0-4
7890840004244,MACO DE ASTER NINA VARIADA,207581+AC0-4
7896553671193,MACO DE BOCA DE LEAO,168793+AC0-0
7890840002387,MACO DE CELOSIA VARIADA,168794+AC0-8
7890291288385,MACO DE CHOCO GIPSOFILA,169006+AC0-0
7890291296496,MACO DE CRASPEDIA,177155+AC0-8
7890291236805,MACO DE CRAVINEA,168159+AC0-1
7890291236782,MACO DE CRAVO VARIADO,174335+AC0-0
7890291479448,MACO DE DIANTHUS,214435+AC0-2
7890291076579,MACO DE EUCALIPTO,177156+AC0-6
7890291399494,MACO DE FLOR DO CAMPO,170229+AC0-7
7890840002370,MACO DE FLORES MINI SILVESTRE,207582+AC0-2
7890291284509,MACO DE FLORES MINI SPRAY,210241+AC0-2
7890291550116,MACO DE FOLHAGEM PORTUGUESA,226541+AC0-9
7890291262743,MACO DE FOLHAGEM VARIADO,169962+AC0-8
7890840004480,MACO DE GERBERA,210242+AC0-0
7890291287746,MACO DE GIRASSOL,182660+AC0-3
7890291323338,MACO DE LAVANDULA,206311+AC0-5
7890291236126,MACO DE LIRIO ASIATICO,168790+AC0-5
7890291236508,MACO DE LIRIO ORIENTAL,168792+AC0-1
7896553612769,MACO DE LIRIO VARIADO,171647+AC0-6
7890291234122,MACO DE LISIANTHUS,168795+AC0-6
7890291247597,MACO DE MADIBA,182662+AC0-0
7890291465571,MACO DE PAGODA,173336+AC0-2
7890291331654,MACO DE PITOSPORO,128939+AC0-0
7890291288422,MACO DE RAINHA MARGARIDA,168633+AC0-0
7890291204071,MACO DE ROSA SPRAY,179157+AC0-5
7890291247382,MACO DE ROSA TINGIDA,178095+AC0-6
7890291361217,MACO DE ROSAS,168798+AC0-0
7890291507134,MACO DE ROSAS COLOURS,214781+AC0-5
7890840003179,MACO DE ROSAS INGLESA,210240+AC0-4
7890840004961,MACO DE RUNUNCULOS,226520+AC0-6
7890291250535,MACO DE RUSCUS,168803+AC0-0
7890291466639,MACO DE RUSCUS COLOURS,214780+AC0-7
7890291215091,MACO DE TANGO,175000+AC0-3
7908392802529,MACO DE TRIGO DESIDRATADO,226797+AC0-7
7890291100076,MACO DE VASSOURINHA,171648+AC0-4
7908392802512,MACO DESIDRATADO CACHEPO LUXO,221365+AC0-6
7908392802581,MACO DESIDRATADO JAZIDA,230118+AC0-0
7908392802031,MACO FLORES DESIDRATADA VARIADAS,215826+AC0-4
7890840003681,MACO FOLH DRACENA MIX,168791+AC0-3
7890291530811,MACO FOLHAGEM DRACENA VARIADO,170445+AC0-1
7890291191180,MACO FOLHAGEM TRIGO VERDE,212746+AC0-6
7890291537452,MACO GYPSOPHILA COLOURS,222459+AC0-3
7890291288187,MACO HORTENCIA VARIADA,213637+AC0-6
7890291192606,MACO HYPERICUM VARIADO,170231+AC0-9
7890291420273,MACO KALANCHOE DOBRADO,206057+AC0-4
7890291476423,MACO LIMONIUM,201320+AC0-7
7890840001793,MACO STATICE VARIADA,207583+AC0-0
7890291235853,MANACA DA SERRA VASO 2.8 L,168163+AC0-0
7890291254885,MANACA DE CHEIRO VASO 2.8 L,209558+AC0-0
7890291235877,MANDEVILLA P14,209564+AC0-5
7890291178860,MANDEVILLA P19,168096+AC0-0
7896553695632,MANJERICAO P11,194139+AC0-9
7890291177726,MANJERICAO P15,168519+AC0-8
7890291382977,MARANTA VARIADA P12,168187+AC0-7
7896553699555,MARANTA ZEBRINA P17,169796+AC0-0
7908494301258,MARGARIDA DO CABO P15,226509+AC0-5
7890291563185,MEDINILLA P23,219214+AC0-4
7890291421454,MEDINILLA VARIADA P17,229629+AC0-2
7890291394987,MIX SANSEVIERA P06,171356+AC0-6
7890291507660,MONSTERA DELICIOSA P16,219220+AC0-9
7890291475464,MONSTERA DELICIOSA P23,169783+AC0-8
3000030765129,MONSTERA NICO PRETO D17,307651+AC0-2
7890291533911,MONSTERA OBLIQUA MEIA CUIA,214434+AC0-4
7890291519922,MONSTERA OBLIQUA P15,222056+AC0-3
7890291545167,MONSTERA OBLIQUIA ADANSONII C18,226540+AC0-0
7890291234658,MORANGO ORNAMENTAL C21,173477+AC0-6
7890291479141,MOREIA BRANCA P17,168175+AC0-3
7890291354820,MUSGO VARIADO C13,168830+AC0-8
7896553693348,NARCISSUS AMARELO P14,168122+AC0-2
7890291249775,NARCISUS QUAD P12,172034+AC0-1
7896553644722,NEPETA VARIEGATO C26,222048+AC0-2
3330000070299,OLIVEIRA 8l,219204+AC0-7
7890291138680,ONZE HORAS C25,170236+AC0-0
7896553695663,OREGANO P11,194140+AC0-2
7890291306089,ORO PRO NOBIS C21,168137+AC0-0
7890291291200,ORQ. HAWAIIAN OURO P12,168071+AC0-4
7890291286145,ORQ. PHALAE TINA P36,184700+AC0-7
7890291405362,ORQ. PHALE. XICARA CERAM P09,168177+AC0-0
7890291101691,ORQ. PHAUIS P24,169235+AC0-6
3000030406909,ORQ.AZUL/ROSA BUBBLE  DECORADA P.12,304069+AC0-0
7896553617290,ORQ.CYMBIDIUM 2 HASTE P 18,168680+AC0-1
7890291326452,ORQ.LUDISIA C13,168681+AC0-0
7890291282468,ORQ.ONCIDIUM VARIADA P09,172471+AC0-1
3000000401262,ORQ.PHAL.2HAT DECORADA P.15,4012+AC0-6
7890291333696,ORQ.PHAL.DORA P19,172486+AC0-0
7890291333689,ORQ.PHAL.ONIX P17,169341+AC0-7
3000030425887,ORQ.PHAL.PINK DECORADA P12,304258+AC0-8
7890291454735,ORQ.PHALAE CERAMICA IRACEMA P30,194136+AC0-4
7890291450249,ORQ.PHALAE TINA P19 MINI,169352+AC0-2
7890291272148,ORQ.PHALAEN.CITRINO P28,183142+AC0-9
3000030765044,ORQUID/PALMEIRA LORANCE DEC.COGNAC D25,307650+AC0-4
7890291293563,ORQUIDEA AZUL E ROSA TINGIDA P.12,172478+AC0-9
7890291208048,ORQUIDEA BEALLARAT GRACIER P14,172033+AC0-3
3000000401422,ORQUIDEA CATTEYA DECORADA P.15,4014+AC0-2
7896553668674,ORQUIDEA CATTLEYA MINI P12,174023+AC0-7
7896553613292,ORQUIDEA CATTLEYA P15,168138+AC0-9
7890291234559,ORQUIDEA COELOGYNE CRISTATA P15,206312+AC0-3
3000000389461,ORQUIDEA CYMBIDIUM DECORADA P.18,3894+AC0-6
7896553690514,ORQUIDEA CYMBIDIUM P18,168039+AC0-0
7890291204293,ORQUIDEA CYMBIDIUM PENDENTE,175001+AC0-1
7890291532013,ORQUIDEA DENDOBRIUN P07,213974+AC0-0
3000000401699,ORQUIDEA DENDONBRIUM DECORADA P.12,4016+AC0-9
7890291382960,ORQUIDEA DENDROB. BORNEO P13,171262+AC0-4
3000030427232,ORQUIDEA DENDROB.BORNEO DECORADO P13,304272+AC0-3
7890291291866,ORQUIDEA DENDROBIUM  NOBILY PT15,171265+AC0-9
7896553620351,ORQUIDEA DENDROBIUM P 12/15,168351+AC0-9
7890291340526,ORQUIDEA DENDRODIUM NOBILY P11,168088+AC0-9
3000030433639,ORQUIDEA DENPHALAEN DECORADA P.15,304336+AC0-3
7890291349703,ORQUIDEA DENPHALAEN MINI P12 QUAD.,168038+AC0-2
7890291222976,ORQUIDEA DENPHALAEN P09 CERAMICA,168064+AC0-1
7896553621778,ORQUIDEA DENPHALAEN P13,168135+AC0-4
7890291438438,ORQUIDEA DENPHALAEN P13/15,168040+AC0-4
7890291438469,ORQUIDEA DENPHALEN CACH.MAD P15,203143+AC0-4
3000030769035,ORQUIDEA DENPHALEN P15 SELETA STAR,307690+AC0-3
7896553661330,ORQUIDEA EPIDENDRUM P12,194135+AC0-6
7890291349079,ORQUIDEA ESPECIAL AZUL P12,172477+AC0-0
7890291214773,ORQUIDEA HAWAIIAN CATA P12/15,169353+AC0-0
3000030604541,ORQUIDEA HAWAIIAN DECORADA P12,306045+AC0-4
7890291208055,ORQUIDEA MILTA/ VOLCANO HULA P15,172406+AC0-1
7890291177610,ORQUIDEA MILTONIA P10/15,168487+AC0-6
3000000406908,ORQUIDEA ONC. ALOHA NATAL DECORADA P.15,4069+AC0-0
3000000389546,ORQUIDEA ONCIDIUM ALOHA DECORADA P.15,3895+AC0-4
7896553678611,ORQUIDEA ONCIDIUM ALOHA P15,168080+AC0-3
7890291534871,ORQUIDEA ONCIDIUM BURGUNDIAN P14,226510+AC0-9
7890291442480,ORQUIDEA ONCIDIUM COLMANARA P15,168146+AC0-0
3000000423820,ORQUIDEA ONCIDIUM DECORADA P.12,4238+AC0-2
7890291438919,ORQUIDEA ONCIDIUM VARIADA P12,173479+AC0-2
7890291363174,ORQUIDEA ONCIDIUM VARIADA P14 ARCO,233147+AC0-0
7890291509497,ORQUIDEA ONCIDIUM VARIADO P15,168130+AC0-3
7890291485791,ORQUIDEA PAPHIOPEDILUM P15,168192+AC0-3
3000030604701,ORQUIDEA PHA. CASC COLO P15 DECORADA,306047+AC0-0
7890291541152,ORQUIDEA PHAL CASCATA VB 27,203142+AC0-6
3000000401347,ORQUIDEA PHAL P09 CORACAO DECORADA,4013+AC0-4
3000030426006,ORQUIDEA PHAL P09 TINGIDA DECORADA,304260+AC0-0
3000000406816,ORQUIDEA PHAL P09 TRABALHADA DECORADA,4068+AC0-1
3000030765471,ORQUIDEA PHAL. LORANCE COMPACTO,307654+AC0-7
3000030765556,ORQUIDEA PHAL. LORANCE MARAVILHA,307655+AC0-5
3000030765204,ORQUIDEA PHAL. LORANCE SAFARI,307652+AC0-0
3000030766010,ORQUIDEA PHAL. LORANCE SWEET,307660+AC0-1
7890291566544,ORQUIDEA PHAL. P09 CORACAO,233150+AC0-0
7890291566551,ORQUIDEA PHAL. P09 TRABALHADA,233151+AC0-9
3000000397800,ORQUIDEA PHAL.AZUL DECORADA P.12,3978+AC0-0
3000030433714,ORQUIDEA PHAL.AZUL E ROSA DECORADA P.12,304337+AC0-1
7890291382366,ORQUIDEA PHAL.AZUL TINGIDA P12,168037+AC0-4
7890291453905,ORQUIDEA PHAL.BURITI P19,183143+AC0-7
3000000401859,ORQUIDEA PHAL.CASCATA DECORADA P12/15,4018+AC0-5
7890291535212,ORQUIDEA PHAL.CASCATA VB 17,183144+AC0-5
3000000390634,ORQUIDEA PHAL.CORACAO DECORADA P.12,3906+AC0-3
3000030447506,ORQUIDEA PHAL.ESPIRAL DECORADA P.12,304475+AC0-0
7890291478465,ORQUIDEA PHAL.IARA P14,203141+AC0-8
7890291471411,ORQUIDEA PHAL.LINEA P26,203140+AC0-0
7890291277884,ORQUIDEA PHAL.MINI TINGIDA P09,233149+AC0-7
7890291453912,ORQUIDEA PHAL.MINI URUCUM P11,203138+AC0-8
3000030474588,ORQUIDEA PHAL.MIX COVER DECORADA P12,304745+AC0-8
3000000389621,ORQUIDEA PHAL.MIX DECORADA P.12,3896+AC0-2
3000030569536,ORQUIDEA PHAL.MULTIFLORA DECORADA P12,305695+AC0-3
3000000399507,ORQUIDEA PHAL.P09 DECORADA,3995+AC0-0
7890291453929,ORQUIDEA PHAL.URUCUM P21,194137+AC0-2
7890291286206,ORQUIDEA PHAL.VENEZA C30,203135+AC0-3
7890291231701,ORQUIDEA PHALA.SENCACAO P12,174949+AC0-8
7890291494533,ORQUIDEA PHALAE BASIC P14,203139+AC0-6
7890291570145,ORQUIDEA PHALAE CASC P24,224530+AC0-2
7890291307383,ORQUIDEA PHALAE FONTANA P30,168115+AC0-0
7890291479332,ORQUIDEA PHALAE MAREA P17,219221+AC0-7
3000030769110,ORQUIDEA PHALAE P12 TUBO,307691+AC0-1
7890291452564,ORQUIDEA PHALAE P18/20 BASIC,170609+AC0-8
7890291485821,ORQUIDEA PHALAE P18/20 CORACAO,168035+AC0-8
3000030507507,ORQUIDEA PHALAE REDONDA DECORADA P12,305075+AC0-0
7890291250191,ORQUIDEA PHALAE REDONDA P12,172479+AC0-7
7890291541626,ORQUIDEA PHALAE UNIQUE P09,209557+AC0-2
7890291545266,ORQUIDEA PHALAE. ALLEGRO VB P23,203137+AC0-0
7890291308694,ORQUIDEA PHALAE. MAREA P17,173397+AC0-4
7896553644142,ORQUIDEA PHALAEN 2HAST P15,168074+AC0-9
7890291325219,ORQUIDEA PHALAEN 8/10 P12,169800+AC0-1
7890291293570,ORQUIDEA PHALAEN BLUE LAGGON P12,175049+AC0-6
7890291286244,ORQUIDEA PHALAEN CASCATA P12/15,168824+AC0-3
7890291267762,ORQUIDEA PHALAEN CERAMICA P09,174118+AC0-7
7890291414067,ORQUIDEA PHALAEN CORACAO P12,168075+AC0-7
7890291273770,ORQUIDEA PHALAEN ESPIRAL P12,169240+AC0-2
7890291468077,ORQUIDEA PHALAEN GLITER P09,199077+AC0-2
7890291496308,ORQUIDEA PHALAEN MAREA P23,184699+AC0-0
7890291368384,ORQUIDEA PHALAEN MULTIFLORA P12,170443+AC0-5
7890291343572,ORQUIDEA PHALAEN P40,168682+AC0-8
7896553699647,ORQUIDEA PHALAEN PERFILHADA P15,135827+AC0-8
7890291359078,ORQUIDEA PHALAEN. ESPECIAL P15,168087+AC0-0
7890291382472,ORQUIDEA PHALAEN. LILAS P12,168114+AC0-1
7890291339797,ORQUIDEA PHALAEN. MINI P09,168046+AC0-3
7890291292412,ORQUIDEA PHALAEN. P22,168113+AC0-3
7890291439671,ORQUIDEA PHALAEN.PINK P12,169839+AC0-7
7890291296168,ORQUIDEA PHALAEN.QUARTZO P21,183141+AC0-0
7890291382434,ORQUIDEA PHALAEN.VERDE P12,168575+AC0-9
7890291378093,ORQUIDEA PHALAENOPSIS CERAMICA P09,170608+AC0-0
7890291287159,ORQUIDEA PHALAENOPSIS MINI,168033+AC0-1
7890291480055,ORQUIDEA PHALAENOPSIS P24,208862+AC0-2
7890291570565,ORQUIDEA PHALE. CASCATA COLOURS P15,233172+AC0-1
3000030608617,ORQUIDEA PHALE.UNICA DECORA P12,306086+AC0-1
7890291406604,ORQUIDEA VANDA ACRILICO,173267+AC0-6
7890291332743,ORQUIDEA VANDA PEND.,169793+AC0-5
7890291356046,ORQUIDEA VANDA VIDRO 1 HASTE,168079+AC0-0
7890291180290,ORQUIDEA VUYL/ BRASSIA P14,173478+AC0-4
7890291119245,ORQUIDEA ZYGOPRTARUM P15,173106+AC0-8
3000030766287,ORQUIDEA/PALMEIRA LORANCE DEC.BRANCO D25,307662+AC0-8
3000030766102,ORQUIDEA/PALMEIRA LORANCE DEC.CHUMBO D25,307661+AC0-0
3000030765808,ORQUIDEA/PALMEIRA LORANCE DEC.VERDE D25,307658+AC0-0
7896553630152,ORQUIDEAS P07,168154+AC0-0
7890291535052,PACHIRA AQUATICA P23,219206+AC0-3
7890291535076,PACHIRA AQUATICA P40,229639+AC0-0
7896553629453,PACHYPODIUM,169794+AC0-3
7896553640090,PALMEIRA ARECA BAMBU P11,169792+AC0-7
7896553693935,PALMEIRA ARECA BAMBU P24,168107+AC0-9
7890291471107,PALMEIRA ARECA P06,171357+AC0-4
3330000223725,PALMEIRA BISMARK,168168+AC0-0
7908494301210,PALMEIRA BISMARK,229630+AC0-6
7896553659511,PALMEIRA CHAMAE  ELEG P15,168174+AC0-5
7896553634600,PALMEIRA CHAMAE ELEG P24,168188+AC0-5
7896553659481,PALMEIRA CHAMAEDOREA ELEGANS P11/15,168065+AC0-0
7890291440684,PALMEIRA COCO NUCIFERA P20,169459+AC0-6
3330000223749,PALMEIRA LICUALA P 24,207033+AC0-2
7890291077842,PALMEIRA METALICA P17,172489+AC0-4
7890291174039,PALMEIRA PHOENIX P19,204022+AC0-0
7908494301159,PALMEIRA RAFIA HUMILIS 60l,229632+AC0-2
7896553644357,PALMEIRA RAFIA P17,168100+AC0-1
7896553678000,PALMEIRA RAFIA P24,161463+AC0-0
7890291432146,PALMEIRA RAVENALA P 17,169772+AC0-2
7890291381437,PALMEIRA RAVENALA P24,169773+AC0-0
7908494301227,PALMEIRA VEITCHIA,229635+AC0-7
7890291251105,PALMEIRA WASHINGTONIA P19,222052+AC0-0
7890291277754,PEPEROMIA MINI C13,169123+AC0-6
7890291568494,PEPEROMIA RAIN C13 TINGIDO,233170+AC0-5
7896553659757,PEPEROMIA SCANDES C21,172469+AC0-0
7890291462297,PEPEROMIA VARIADA P06,204028+AC0-0
7890291077224,PEPEROMIA VARIADO C21,168182+AC0-6
7890291504713,PEPERONIA PROSTATA P11,219219+AC0-5
7890291523950,PERPETUA P15,172028+AC0-7
7890291519557,PETUNIA C13,209565+AC0-3
7896553613780,PETUNIA P11,170136+AC0-3
7890291265133,PETUNIA VARIADA C21,168141+AC0-9
7890291552905,PHALAENOPSIS MINI P06 LINHA KIDS,231962+AC0-4
7891111111708,PHILODENDRO LUA CLARA P27,169947+AC0-4
7896553667479,PHILODENDRO VARIADO P19,168260+AC0-1
7890291512503,PHLEBODIUM DAVANA C21,214433+AC0-6
7908494300756,PHOENIX ROEBELINE UN,222057+AC0-1
7908494301197,PHOENIX ROEBELINII UN,229634+AC0-9
7890291488655,PHORMIUM VERDE P24,204021+AC0-2
7890291452953,PILEA PEPEROMIOIDES P11,168410+AC0-8
7890291256308,PIMENTA ORNAMENTAL P06,168083+AC0-8
7896553638523,PIMENTA ORNAMENTAL P11,168098+AC0-6
7896553633283,PIMENTA ORNAMENTAL P14,168052+AC0-8
7890291456746,PIMENTA P24,226511+AC0-7
7890291458436,PIMENTAO P14,182661+AC0-1
7890291563697,PIMENTAO P24,233157+AC0-8
7890291468817,PITAYA P20,168634+AC0-8
7896553642797,PLANTA CARNIVORA DIONAEA P09,169948+AC0-2
7890291518369,PLANTA CARNIVORA P12,214432+AC0-8
7890291503877,PLANTA ORNAMENTAL SAQ,214431+AC0-0
7890291326599,PLANTA PENDENTE VARIADA C13,187800+AC0-0
7890291365048,PLANTA PENDENTE VARIADO C21,207037+AC0-5
7890291545532,PLANTAS MILHO AVEIA MILHETO P15,224796+AC0-8
7890291508193,PLANTAS ORNAMENTAIS JARDINEIRA,226570+AC0-2
7896553684964,PLANTAS PENDENTES MEIA CUIA VARIADA,173337+AC0-0
7890291524278,PLATYCERIUM ALCICORN C13,226512+AC0-5
7890291268202,PLATYCODON P11 VARIADO,208762+AC0-6
7890291107518,PLUMERIA (JASMIM MANGA) P30,209560+AC0-2
3330000223442,PODOCARPO P,207032+AC0-4
7896553660548,POINSETIA BRANCA  P14,170481+AC0-8
3000030638102,POINSETIA BRANCA DECORADA P14,306381+AC0-0
3000000395868,POINSETIA C/GLITER DECORADA P14,3958+AC0-6
7890291353915,POINSETIA C/GLITER P14,169953+AC0-9
3000000403808,POINSETIA DECORADA P11,4038+AC0-0
3000030547053,POINSETIA GLITER RAFIA DECORADA P.15,305470+AC0-5
3000030547138,POINSETIA MESCLADA DECORADA P14,305471+AC0-3
7890291443852,POINSETIA MESCLADA P14,169954+AC0-7
3000000400029,POINSETIA P06 TRIO DECORADA,4000+AC0-2
3000000395783,POINSETIA VARIADA DECORADA P14,3957+AC0-8
7890291250467,POINSETIA VARIADA P06,169786+AC0-2
7896553671339,POINSETIA VARIADA P11,301903+AC0-9
7896553612929,POINSETIA VARIADA P14,169952+AC0-0
3000030547213,POINSETIA VERMELHA DECORADA P11,305472+AC0-1
7890291235488,POLYPODIUM  SAMAM  C25,169339+AC0-5
7890291294966,PORTULACA C21,222613+AC0-8
7890291209632,PORTULACA C26,169340+AC0-9
7890291234566,PRIMAVERA P11,168057+AC0-9
7908494300510,PRIMAVERA P27,219203+AC0-9
3000030604893,PRIMULA DECORADA P14,306048+AC0-9
7896553673524,PRIMULA P14,168530+AC0-9
7890291511919,PROTEA PINK ICE HASTE,214429+AC0-8
7890291207027,RENDA PORTUGUESA C25,169676+AC0-9
7890291364447,RHIPSALIS MACARRAO C21,203132+AC0-9
7890291310956,RHIPSALIS VASO PLASTICO 1.1l,219215+AC0-2
7890291460163,ROMA ORNAMENTAL C21,204023+AC0-9
7890291174008,ROSA BELLA UN,171142+AC0-3
7890291292399,ROSA BOTAO 040 CM TUBETE,171649+AC0-2
3330000233540,ROSA DA PEDRA P13,207047+AC0-2
3000030425962,ROSA DESERTO DECORADA P15,304259+AC0-6
7890291343800,ROSA DO DESERTO C21,169345+AC0-0
7890291507615,ROSA DO DESERTO KOKEDAMA DECORADO,209556+AC0-4
7890291557962,ROSA DO DESERTO P06 LINHA KIDS,231957+AC0-8
7890291481151,ROSA DO DESERTO P06/09,184697+AC0-3
7890291335850,ROSA DO DESERTO P11,168155+AC0-9
7890291318723,ROSA DO DESERTO P15,168068+AC0-4
7890291355865,ROSA DO DESERTO P23/30,168560+AC0-0
7890291467308,ROSARIO C13,169945+AC0-8
7890291438421,ROSARIO C21,174236+AC0-1
3000000388730,ROSEIRA DECORADA NATAL P.15,3887+AC0-3
3000000389706,ROSEIRA DECORADA P.15,3897+AC0-0
3000000397213,ROSEIRA DECORADA P13,3972+AC0-1
7896553633603,ROSEIRA MINI C21,172031+AC0-7
3000030540986,ROSEIRA MINI DECORADA P11,305409+AC0-8
7896553681321,ROSEIRA MINI P06,168047+AC0-1
7896553664249,ROSEIRA MINI P11,173268+AC0-4
7896553664263,ROSEIRA MINI P13,301908+AC0-0
7896553628050,ROSEIRA MINI P15,168036+AC0-6
7890291076296,ROSEIRA VARIADA P20,168069+AC0-2
7890291216173,ROSEIRA VARIADA PENDENTE P20,168067+AC0-6
7890291476713,ROSINHA DO SOL C13,206313+AC0-1
7890291439510,ROSINHA DO SOL C21,171420+AC0-1
7890291337557,SALSA LISA P11,194141+AC0-0
7896553695700,SALVIA P11,194142+AC0-9
7890291471831,SALVIA PEIXINHO P15,204020+AC0-4
7890291475068,SAMAM ALEMA MINI C21,169239+AC0-9
7896553655100,SAMAMBAIA AMERICANA C25,168683+AC0-6
7890291519656,SAMAMBAIA AMERICANA MINI C09,219216+AC0-0
7890291503204,SAMAMBAIA AMERICANA SOL P24,203144+AC0-2
7890291406666,SAMAMBAIA ARGENTINA C21,169351+AC0-4
7896553652208,SAMAMBAIA AZUL C21,168829+AC0-4
7890291462204,SAMAMBAIA DALLAS C13,233154+AC0-3
7890291523868,SAMAMBAIA DALLAS MINI C09,219217+AC0-9
7890291453783,SAMAMBAIA ESMERALDA C21,208761+AC0-8
7896553640816,SAMAMBAIA HAVAIANA C21,168165+AC0-6
7890291341752,SAMAMBAIA HOLANDESA C25,169349+AC0-2
7890291331715,SAMAMBAIA JAMAICA C25,168157+AC0-5
7890291347372,SAMAMBAIA MARISSA C21,168632+AC0-1
7890291181211,SAMAMBAIA METRO C25,168828+AC0-6
7890291172950,SAMAMBAIA PAULIST C25,170911+AC0-9
7890291356329,SAMAMBAIA SAIA BAIANA C21,169967+AC0-9
7896553664911,SAMAMBAIA VARIADA MINI C13,168101+AC0-0
7890291340724,SANS VARIADA P12,169775+AC0-7
7890291236157,SANSEVERIA P20,169776+AC0-5
7890291477352,SANSEVIERIA COLOURS P11,206314+AC0-0
7890291288064,SANSEVIERIA P08/11,168169+AC0-9
7890291362818,SANSEVIERIA P15,169778+AC0-1
7890291438612,SEDUM VARIADO P06,169342+AC0-5
7890291336857,SENECIO VARIADO P11,169348+AC0-4
3000000389973,SPATHIPHILLUM DECORADA P.15,3899+AC0-7
7896553665284,SPATHIPHYLLUM COM FLOR P24,168056+AC0-0
7896553680003,SPATHIPHYLLUM COM FLOR P40 COM FLOR,171650+AC0-6
7890291378109,SPATHIPHYLLUM COMPACTO P.19,168588+AC0-0
7890291534284,SPATHIPHYLLUM DOMINO P19,204027+AC0-1
7890291214100,SPATHIPHYLLUM MINI P07 COM FLOR,168117+AC0-6
3000030769202,SPATHIPHYLLUM P07 IGAPO WILD,307692+AC0-0
7896553665253,SPATHIPHYLLUM P15,168051+AC0-0
3000030768908,SPATHIPHYLLUM P15 DECORADA TRIESTE,307689+AC0-0
7890291235457,STEPHANOTIS FLORIBUNDA P15,169236+AC0-4
7890291250443,STRELITZIA,172488+AC0-6
7890291267502,SUCULENTA VARIADA VB 09,169356+AC0-5
7890291244053,SUCULENTAS C13,171569+AC0-0
7890291521741,SUCULENTAS C21/25,177130+AC0-2
7890291463553,SUCULENTAS COLOURS C13,204026+AC0-3
7890291468565,SUCULENTAS COLOURS P06,199076+AC0-4
3000030458205,SUCULENTAS DECORADA P.06,304582+AC0-0
7890291560351,SUCULENTAS E CACTUS P11 MISTO DECOR,230113+AC0-0
7890291455213,SUCULENTAS KOKEDAMA DECORADO,209555+AC0-6
7890291497879,SUCULENTAS MISTA C08,204038+AC0-7
7896553686425,SUCULENTAS P06,170235+AC0-1
7890291181099,SUCULENTAS P06 DECORADO MIX,168127+AC0-3
7890291558730,SUCULENTAS P06 LINHA KIDS,231970+AC0-5
7890291251143,SUCULENTAS P09,168136+AC0-2
7896553686432,SUCULENTAS P11,168825+AC0-1
7890291484732,SUCULENTAS VB P12,204025+AC0-5
7890291438926,SUNPATIENS P11,168077+AC0-3
7890291362443,SUNPATIENS P13,168684+AC0-4
7890291326766,SUNVINCA C26,172029+AC0-5
7890291441377,SUPERCAL PETUNIA HYBRIDA P15,212556+AC0-0
7896553665697,SYNGONIUM ROSA C21,203133+AC0-7
7890291177160,TACCA CHANTRIERI P24,204600+AC0-8
7890291129657,TAGETE P11,221364+AC0-8
7890291551038,TERRARIO ANTHURIUM DECORADO,226539+AC0-7
7890291552134,TERRARIO CALATHEA DECORADO,229645+AC0-4
7890291290470,TERRARIO MEDIO,171164+AC0-4
7890291206990,TERRARIO MEDIO DECORADO,199074+AC0-8
7890291455916,TERRARIO MUNDO GRANDE DECORADO,199075+AC0-6
7890291455893,TERRARIO MUNDO PEQUENO DECORADO,199073+AC0-0
7890291075596,TILLAND. CYANEA P12,168095+AC0-1
7890291324489,TOMATE ORNAMENTAL P14,120946+AC0-9
7890291462174,TOMILHO P15,169785+AC0-4
7896553617139,TOSTAO C13,187792+AC0-5
7896553688795,TOSTAO C21,169965+AC0-2
7890291233927,TRADENSCANTIA C13,169966+AC0-0
7890291461641,TRADESCANTIA VARIADA  P10,177134+AC0-5
7896553667592,TREVO QUATRO FOLHAS P11,215474+AC0-9
742832716833,TRIGO CLOROFILA P11,187811+AC0-5
7896553637472,TUIA AUREA P30,169769+AC0-2
3000030788920,TUIA COLOURS DECORADA P09,307889+AC0-2
3000030427409,TUIA HOL. FITA DECORADA P14,304274+AC0-0
3000030458113,TUIA HOL. FITA DECORADA P20,304581+AC0-1
3000001375371,TUIA HOLANDESA COLOURS DECORADA P14,13753+AC0-7
7890291562584,TUIA HOLANDESA COLOURS NEVE GLITTER P09,230587+AC0-9
7890291562577,TUIA HOLANDESA COLOURS NEVE P14,230586+AC0-0
7890291541510,TUIA HOLANDESA COLOURS P09,230584+AC0-4
7890291541251,TUIA HOLANDESA COLOURS P14,230585+AC0-2
3000000403716,TUIA HOLANDESA DECORADA P09,4037+AC0-1
3000000395943,TUIA HOLANDESA DECORADA P14,3959+AC0-4
3000000396162,TUIA HOLANDESA DECORADA P20,3961+AC0-6
3000000396247,TUIA HOLANDESA DECORADA P24,3962+AC0-4
3000030788845,TUIA HOLANDESA NEVE GLITER DECORADA P14,307888+AC0-4
7890291318402,TUIA HOLANDESA P09,169358+AC0-1
7896553665895,TUIA HOLANDESA P14,169359+AC0-0
7896553665925,TUIA HOLANDESA P20,135833+AC0-2
7896553672428,TUIA HOLANDESA P24,176649+AC0-0
3000030788760,TUIA NEVE GLITER DECORADA P09,307887+AC0-6
3000030547305,TUIA STRIC.FITA DECORADA P.14,305473+AC0-0
7890291541237,TUIA STRICKITA COLOURS NEVE P14,230594+AC0-1
7890291541244,TUIA STRICKITA COLOURS P14,194143+AC0-7
3000000396087,TUIA STRICKITA DECORADA P14,3960+AC0-8
3000000403631,TUIA STRICKITA DECORADA P20,4036+AC0-3
3000030788685,TUIA STRICKITA NEVE GLITTER DECORADA P14,307886+AC0-8
7890291312820,TUIA STRICKITA P14,170482+AC0-6
7890291312813,TUIA STRICKITA P20,177272+AC0-4
7890291313636,TUIA STRICKITA P24,169337+AC0-9
3000030547480,TUIA STRICKTA DECORADA P24,305474+AC0-8
7890291450447,TULIPA BELLA TUBO,197019+AC0-4
3000000389898,TULIPA DECORADA P12,3898+AC0-9
3000000397305,TULIPA DECORADA P15,3973+AC0-0
7896553666236,TULIPA VARIADA P12,129124+AC0-6
7890291363709,TULIPA VARIADA P15,168144+AC0-3
7890291481861,UNHA DE GATO P17 QUADRADO,180781+AC0-1
3000030406824,VASO DE  PLASTICO UN,304068+AC0-2
7890291250665,VERBENA P08,206930+AC0-0
7896553638813,VEU DE NOIVA C+AC0-21,168590+AC0-2
3000030407043,VIOLETA DECORADA P.15,304070+AC0-4
3000000406496,VIOLETA DECORADA P11,4064+AC0-9
7896553640021,VIOLETA VARIADA MINI P06,168060+AC0-9
7896553640014,VIOLETA VARIADA P.11,120817+AC0-9
7890291319294,VIOLETA VARIADA P15,174400+AC0-3
7896553612806,VRIESEA VARIADA P12/15,169343+AC0-3
7908494300725,YUCCA BRANCA 12l,222054+AC0-7
7890291234863,YUCCA VARIEGATO P24,168162+AC0-1
7908494300862,YUCCA VERDE 12l,222055+AC0-5
7890291179867,ZAMIOCUCAS P24,168189+AC0-3
7890291484787,ZAMIOCULCAS BLACK DOWON P17,219218+AC0-7
3000030765396,ZAMIOCULCAS DECORADA P17,307653+AC0-9
7890291237147,ZAMIOCULCAS P11/09,169306+AC0-9
7896553621662,ZAMIOCULCAS P17,135834+AC0-0
3000030765631,ZAMIOCULCAS P17 NICO CLARO,307656+AC0-3
7898753320550,ZAMIOCULCAS PREMIUM CERAMICA P17,233313+AC0-9
7890291535588,ZEA MAYS P11,224795+AC0-0
7890291514378,ZINNIA C21,219213+AC0-6
7890291432085,ZINNIA P24,169238+AC0-0
7890291564083,ZINNIA PRECIOSA FORMULA MIX P11,231967+AC0-5
1414,TOMATE SALADA,1414-1
